{"cameraMode":{"drawMode":0,"name":"Shaded","section":"Shading Mode"},"sceneLighting":false,"audioPlay":false,"sceneViewState":{"showFog":true,"showMaterialUpdate":false,"showSkybox":false,"showFlares":true,"showImageEffects":true,"showParticleSystems":true},"in2DMode":false,"pivot":{"x":-0.1748037338256836,"y":1.138521671295166,"z":0.45074567198753359},"rotation":{"x":0.05852872133255005,"y":0.5405058264732361,"z":0.03772766515612602,"w":-0.8384618163108826},"size":2.050471067428589,"orthographic":false}